21049,6
21022,6
21008,6
21040,6
21026,6
21039,6
5111,0
21048,6
5107,0
21007,6
21083,0
5104,0
5115,0
5101,0
21033,6
5127,0
21030,6
21021,6
331995,9
21019,6
21055,6
21058,6
21093,0
21041,6
21015,6
21014,6
21057,6
21032,6
21016,6
21065,6
21004,6
331452,1
5123,0
5109,0
5106,0
5110,0
21005,6
332210,8
21060,6
21027,6
21051,6
21087,0
21077,6
21017,6
21012,6
21042,6
21013,6
331453,1
5108,0
21003,6
21036,6
331321,1
5113,0
332254,9
21035,6
21088,0
21053,6
21047,6
21034,6
21009,6
21045,6
21020,6
21025,6
21028,6
21086,0
21018,6
21010,6
21023,6
21046,6
21085,0
21052,6
21024,6
21038,6
21054,6
21068,6
21066,6
61F802,8
61K432,0
21092,0
21031,6
21029,6
21059,6
21056,6
332239,9
21075,6
21078,6
61N904,9
21072,6
21011,6
21061,6
61J289,3
61E208,9
61H402,8
61O409,1
61O196,9
61J246,3
61L900,0
61B423,9
61O909,9
61I408,9
61D801,3
61B135,8
332069,1
61I402,9
61B442,1
61O199,9
61B143,1
61F423,9
61J274,3
61O215,9
61L423,0
61B109,8
61B145,8
332109,8
61J277,9
61F416,9
61H206,8
61F272,8
61H243,8
61F420,9
332068,1
61J220,9
61K258,3
332110,8
61F223,9
17106,4
61F279,9
332134,8
61F418,8
332515,8
61E409,9
332231,8
61O404,9
61J240,9
61I801,3
61B102,9
61O441,9
61N800,9
332093,1
61B133,8
056185,6
61L215,9
61P236,9
61D228,9
61B431,1
61J285,3
61P240,9
61J245,9
61J212,9
61H207,9
332523,8
61O205,9
332527,8
332514,8
61N902,9
61I236,3
61B137,9
61L424,6
61L213,9
61H405,8
331757,8
61F226,9
61H245,8
53166,4
61O198,3
61J215,9
11694,2
61K436,3
61M202,9
61J206,9
61K430,0
61F408,9
61E402,9
332513,8
61D209,9
61J255,3
53426,7
61F803,8
61D257,3
61F431,8
61J241,3
61J204,9
61L418,0
61J239,3
332524,8
61P233,9
61J273,3
61K214,9
61P410,9
61H404,8
61H241,8
61J257,3
61F265,9
61B118,1
61E219,9
61J267,9
61D800,3
61K413,3
61F428,8
61O425,9
61K415,3
61J901,9
61O410,1
61F406,9
61P205,9
61P215,3
61P444,9
61J801,9
61F224,9
61F404,3
61J207,9
61L222,9
67321,4
61N204,9
67105,8
61J262,9
61D429,9
61L803,0
331271,1
61L408,3
330016,5
61P428,9
61F281,9
332092,1
61J214,9
67307,7
61B436,9
331279,1
61F270,8
332094,8
61H244,9
61O434,1
67190,8
61J900,3
331278,1
61O203,9
61O219,9
27461,3
61O417,9
09012,3
61I220,3
61F413,8
61L233,0
332091,1
61F422,9
61P461,9
61A412,8
61F239,9
61I206,3
61B406,8
61H800,9
61B434,9
61B430,9
61D256,3
61D215,9
331400,1
61D402,3
61P212,3
61A901,8
333435,1
61N202,9
61F411,9
61J221,9
61F229,9
331311,1
61B142,8
61D421,3
61L440,0
056125,6
61F231,9
61C419,9
332977,1
61O421,1
61O439,9
61I401,3
61K208,9
61F222,9
61O213,9
331401,1
29037,9
61K211,9
61P436,9
331272,1
61F267,9
61K212,3
61K417,3
61D253,3
61F266,8
634425,0
61K909,9
61I232,3
61J219,9
61F407,3
61K257,3
61B424,9
61M231,9
61K433,9
61K201,3
61C402,1
61J208,9
29055,3
61O422,9
332230,1
67204,8
61B405,9
61F273,9
331262,1
61B124,1
53331,7
61J229,9
61O197,9
61P454,9
61J281,9
61B407,8
770116,4
61J284,9
61F425,8
75133,0
61J232,9
61F221,9
61O418,9
61O222,9
61B112,8
634421,0
61P414,3
61F260,9
61C401,1
332047,1
61J203,9
331808,8
53169,4
61L801,0
052585,4
61N903,3
052610,4
61I239,3
61H240,9
61J265,3
53355,7
61G800,9
61O428,1
61L221,9
332046,1
61P235,9
61B428,1
67219,7
61B432,9
61N203,9
61O442,9
61J275,3
61P460,9
61K801,3
61K414,0
61L429,3
61M201,3
61J222,9
634434,0
61J217,9
61N402,9
61O202,9
61B408,8
61B105,1
61L802,0
332045,1
61I208,9
61P238,9
61B435,1
61J269,9
61E209,9
61F419,8
61B901,8
61I202,3
332044,1
27604,7
056210,6
61P437,3
61O440,9
53417,7
61J272,9
53015,2
61F429,8
61F234,9
61E221,9
61F228,9
61J256,9
61O211,9
331771,1
61P204,3
61P207,3
331748,1
61J293,9
61N405,9
61J290,9
61J288,9
67702,2
61F402,9
61M203,3
67038,7
61P424,3
61P448,9
332024,1
67206,8
331767,1
634426,0
61J254,3
331768,1
61K418,9
331425,8
61O200,9
61D407,9
331426,8
61J291,3
331427,8
61A415,8
61F433,9
61E215,9
331429,8
61F401,8
61K428,9
61P237,9
331437,8
61B115,1
61K233,3
61K255,3
61B410,9
61H403,8
61A405,9
61J903,9
61B128,1
331438,8
61B418,9
61E403,3
61A401,8
332037,8
61E212,9
331441,8
61J243,3
331440,8
61J253,3
332059,1
61O414,9
331439,8
61J236,9
61O408,9
53016,4
61M207,3
3710,4
61B111,8
3749,4
53316,7
61K425,9
61B116,8
61K427,3
61O906,9
61K407,3
61L420,0
331851,1
61D225,9
332543,1
332546,1
61E216,9
61P246,9
61H205,9
53013,7
61P213,3
61B403,9
61K911,0
61C409,1
75132,0
331442,8
61L433,0
61L437,0
331849,1
61J295,9
331855,1
331856,1
61L419,6
61O431,1
331443,8
61E406,9
61J213,9
61J287,3
61K249,3
61F264,8
61H217,9
61J226,9
61P243,9
331870,1
61B459,9
67418,4
61F415,8
65116,0
331868,1
61P457,9
61B420,1
61D404,3
61O436,9
61J247,9
331461,8
61O444,9
331444,8
331446,8
61H242,9
61B414,9
61J260,3
61M204,9
61P417,9
331465,8
61H247,9
61J263,3
61J264,9
53553,5
61F424,8
61F421,9
331466,8
61B108,9
331869,1
633105,0
61P418,9
61J278,3
333070,5
61B121,1
53309,7
61J225,9
331887,1
61F405,8
331888,1
61P216,3
61J252,3
65041,6
61F237,8
633150,0
61F409,9
61O446,9
61M212,9
61P208,9
53440,5
61K445,3
332085,1
61M234,9
61A407,8
61D229,9
53507,7
61D254,3
53566,5
332086,1
61P214,3
47003,0
61O208,9
61L438,6
61O221,9
61A410,8
61L903,0
61P420,9
47074,0
333069,5
61K441,9
73503,3
65048,0
61P438,9
73214,3
61B141,1
332041,1
330437,5
61B419,1
65108,0
65005,0
61E206,9
61D418,3
61P458,9
056245,6
61J248,9
61J211,9
61K203,3
61I410,9
3742,4
333498,1
61L430,9
61J271,3
67317,7
61P445,3
67329,7
61G109,8
67309,4
61B460,1
61B443,1
3708,4
49105,7
61O904,9
770155,4
61B122,1
61P231,9
61L202,6
330218,1
61L220,9
61K202,3
67231,7
61B110,1
67238,8
3757,4
3721,4
053545,4
3755,6
3744,4
3751,4
3702,4
770187,4
773204,6
773002,4
41039,4
3707,4
3717,4
3732,4
3718,4
3722,4
3756,4
3759,4
3737,4
3725,4
053535,4
3738,6
3761,4
3705,4
3741,4
3727,4
67335,4
53550,5
3712,4
3728,4
3716,4
3720,4
3713,4
3735,4
3706,6
3703,4
53512,7
3736,6
3752,4
3709,4
3743,6
53317,7
3711,4
331747,1
331746,1
3724,4
3731,4
3719,4
3750,4
3740,4
27112,3
332236,9
65118,0
65012,0
773106,4
65013,0
65105,0
65111,0
65103,0
65010,0
53145,5
65027,6
330216,5
53028,2
65024,6
65114,0
53340,7
65051,0
65106,0
65117,0
65043,0
65011,0
331667,1
65107,0
65006,0
331455,1
331470,1
331469,1
333065,5
65052,0
65016,0
65102,0
65110,0
19003,3
19015,0
65049,0
19026,0
65104,0
053520,4
65042,0
19036,3
19023,0
19004,0
19017,0
19030,0
19034,0
19018,0
19007,3
19032,0
19024,0
19006,0
19022,0
19025,0
19009,3
19010,0
19020,0
051405,6
19002,0
19033,3
19005,0
053004,4
333064,5
19028,0
19013,0
775016,4
19012,0
45214,7
770165,4
03005,0
052641,4
053559,4
332234,9
770183,4
773304,6
774626,4
056230,6
770156,4
773311,4
774802,4
331591,1
773209,4
771702,4
67260,8
333074,5
770134,4
774628,4
333101,5
770308,4
773102,4
333331,5
774615,4
770118,4
773003,4
774102,6
774503,6
333073,5
774607,4
331590,1
774605,4
774003,6
770307,6
773305,4
331609,8
773308,6
770301,4
771506,4
774106,4
773904,4
775012,4
774623,4
332590,1
770305,4
331385,1
770000,6
773309,6
773502,6
773101,6
774115,4
773303,4
773903,4
770133,4
770179,4
67070,8
67176,7
770306,4
67224,8
775001,4
770169,4
331610,1
17212,6
773205,4
770127,4
771505,4
67346,7
774105,4
333063,5
775101,4
774608,4
773208,4
770101,4
770182,4
770304,6
330212,5
770129,4
331386,8
770701,4
17215,4
331384,8
772303,4
773310,4
17104,4
17209,6
17314,0
17301,4
771706,4
774401,6
770184,4
774624,4
17302,4
331388,8
770188,4
17109,4
17108,4
773301,4
771704,4
331389,8
17211,6
771101,6
774801,4
774618,4
770185,4
774109,4
17218,4
17205,0
17313,6
17111,4
17202,6
17204,4
330217,5
17214,0
17317,4
03207,0
17107,4
03205,0
17101,4
17312,0
331611,1
17310,0
17105,4
17304,0
17112,4
333140,1
17309,0
17103,4
17319,4
17216,4
17208,6
67221,8
055602,4
331399,8
051020,4
051661,4
052615,4
052560,4
051645,4
053575,4
053101,6
051240,4
331593,8
45118,7
056200,6
051605,4
053530,4
052404,6
056290,4
331586,1
056285,4
45104,8
053505,4
67161,7
055613,4
055608,4
055632,6
052637,4
331588,1
056275,4
056287,4
053003,6
67205,8
055606,4
053515,4
051646,4
051670,4
67311,7
056280,4
051656,4
056255,6
056301,4
051680,6
051667,4
056190,6
051420,4
330065,6
053550,4
054005,4
056155,6
055634,4
051681,6
056215,6
056180,6
333190,6
052635,4
055635,4
29027,9
051600,4
056271,6
05SPEN,6
051421,4
052640,4
055609,4
055622,4
051660,4
056310,4
053525,4
331666,1
USDOE,6
056160,6
056205,6
056140,6
051668,4
054103,6
055619,4
056225,6
332095,1
053558,4
050470,6
332096,1
67330,7
053105,6
67232,8
331589,1
056175,6
051090,4
332280,9
053001,6
056220,6
051407,6
331977,9
051412,4
67210,8
052570,4
330051,6
051691,4
330769,1
054001,4
054101,4
055624,4
056165,6
055633,6
29115,9
056170,6
051060,6
331897,1
054010,6
056105,6
330791,1
052625,4
330785,1
056315,4
055621,4
056195,6
332478,6
051320,4
056300,4
056130,6
055631,6
634020,6
633142,0
636147,0
634437,6
332013,8
633156,0
636121,0
332233,9
633149,0
633144,0
639017,0
332592,1
636103,0
634018,0
636143,0
331920,8
634413,0
333317,1
639201,0
633130,0
331382,8
633122,0
67341,4
634010,0
332909,1
636031,0
331821,8
330042,6
330069,6
636111,0
633104,0
330083,6
636100,0
636131,0
331890,8
636122,0
636145,0
331923,8
331136,5
636125,0
639009,0
633119,0
639018,0
633107,0
636115,0
634429,0
331854,1
634007,0
636120,0
53441,7
330064,6
634430,6
634423,0
330465,6
634409,0
636039,0
330402,5
633155,0
636139,0
67239,7
634442,0
331880,8
633146,0
639019,0
633118,0
639016,0
636021,6
331879,8
331882,8
634404,0
637009,0
636146,0
636037,0
67215,8
633151,0
330770,1
331899,1
636144,0
634401,0
639600,0
634418,0
634411,0
634416,0
633132,0
332700,6
634301,0
636032,0
636112,6
331900,1
639010,0
636154,6
637007,6
331902,8
634435,0
332568,5
636148,6
636110,0
634017,0
633101,0
634443,0
634100,0
331901,8
636142,0
332131,9
633134,0
332211,8
636123,0
332247,1
636034,0
639014,0
332249,8
332251,1
633159,0
634028,0
636036,0
636028,0
332232,1
639300,0
639400,0
332153,8
634436,0
331850,1
636141,0
634201,0
636124,6
633157,0
633116,0
331925,8
636130,0
331406,1
331275,1
636128,6
636113,0
634410,0
634431,0
633103,0
636138,0
53012,4
634420,0
636038,0
29005,9
633106,0
53546,7
633145,0
636134,6
634414,0
633113,0
636030,0
634412,0
636101,0
636149,6
41207,2
331268,1
332221,9
331927,1
633111,6
331245,5
633138,0
41107,2
633110,6
634019,0
634012,0
636015,0
333263,1
636114,0
634438,0
637008,6
331266,1
634444,0
637101,6
331267,1
331265,1
47218,3
331264,1
331369,1
331368,8
633124,0
331372,8
636020,0
25065,0
25064,0
25028,6
331373,1
331378,1
332541,1
332853,1
633120,0
634005,0
09020,3
633123,0
47119,3
636109,0
47159,0
47046,0
636023,0
332852,1
47108,3
47071,0
47202,0
331843,1
332542,1
47112,3
47165,0
47116,0
25012,0
47104,0
25027,0
331842,1
47207,3
47219,3
331787,1
331786,1
331784,8
47223,3
47210,0
47019,3
47045,0
47194,3
47122,0
47214,3
47062,0
47021,3
47142,3
47072,3
47212,0
331875,1
47154,3
47144,3
47117,3
47060,0
47005,0
47016,0
47061,3
331863,1
331246,5
47013,3
47090,0
47020,3
47068,3
47109,0
331862,8
47006,3
47189,3
47170,0
47174,0
47182,0
47123,0
47148,0
331907,8
47032,3
47073,0
331906,8
331905,8
331898,8
331883,1
47009,0
47211,0
47190,3
47085,0
331876,1
47178,0
47149,3
47133,0
47018,3
333264,1
47150,3
47147,3
331823,8
331919,8
47027,0
47039,0
47023,0
47057,0
47110,3
47216,0
47077,3
331831,8
47107,3
47007,0
47052,3
47128,0
332799,1
47114,3
331518,8
47091,0
47180,0
331519,8
331517,1
47183,0
47145,3
67251,8
47171,0
47217,3
67093,4
47010,0
47198,0
67345,4
67331,4
47157,0
47156,3
47192,0
47125,0
47011,0
47172,0
47094,3
47155,0
47049,3
47055,3
47158,3
47132,0
47163,3
47206,3
331512,1
47118,3
47083,0
47059,0
47096,3
47037,3
47034,3
331515,8
47079,3
47196,0
47164,3
47022,0
47186,0
11626,2
47051,0
333265,1
47151,0
47106,3
333266,5
47053,3
47205,3
47030,0
331250,5
47082,0
47069,0
47078,0
47224,3
53033,2
47153,3
47080,3
47056,3
47044,3
47103,0
47098,3
47024,0
331252,1
47191,0
47029,0
53313,7
47065,0
47193,0
47204,0
331520,8
47100,3
47175,0
47136,3
331524,8
331521,8
47127,0
47220,3
331254,5
47208,0
47140,0
47213,0
331255,5
47088,3
47115,3
331529,5
47101,0
47111,0
47041,3
47008,0
333013,5
330377,6
11255,2
11664,2
11395,2
11294,2
11646,2
11550,2
11624,2
333068,5
331203,1
11425,2
11570,2
332843,5
332994,5
11130,2
330566,6
11583,2
11629,2
11689,2
11635,2
11644,2
331127,1
11688,2
1538,2
11631,2
67201,8
67073,8
330289,5
11628,2
11510,2
11910,2
11645,2
330957,5
11670,2
330009,6
11662,2
330305,5
11696,2
67109,7
11687,2
11643,2
11656,2
11340,2
330011,5
11444,2
11530,4
332129,9
11947,2
070450,4
11446,2
070163,4
11636,2
332995,5
11296,2
11525,2
331335,8
11697,2
332992,7
11491,2
11925,2
11962,2
11505,2
11483,2
11627,2
332229,9
11639,2
331209,9
11447,2
11613,2
11330,2
11985,2
73119,3
11586,2
11651,2
11100,2
331338,1
331334,1
73233,3
11390,2
11658,2
331339,1
11605,4
11950,2
11673,2
11920,2
11528,2
11695,2
11625,2
11400,2
11090,2
11699,2
45208,7
11225,2
45204,7
11634,2
09016,3
11600,4
11698,2
11618,2
070460,4
27801,3
45303,7
11290,2
67324,7
11440,2
11441,2
11940,2
11537,4
331333,8
11520,2
332002,8
53358,7
11490,2
070570,4
11055,2
11595,2
09264,3
332061,8
53311,7
09022,3
11370,2
09010,3
11423,2
11930,2
53463,5
330952,1
11420,2
11582,2
01323,6
53308,7
11917,2
11659,2
330937,1
11536,2
11649,2
11360,2
27111,3
11060,2
11692,2
27141,3
11606,2
11685,2
330453,5
03304,0
27122,7
27025,3
27031,7
03202,0
03201,0
331999,8
03306,0
332007,8
03102,0
03305,0
27162,3
27605,7
03001,0
09401,3
03003,0
03208,0
330469,1
03502,0
332743,8
03206,0
332308,1
09303,3
330234,5
09211,3
09212,3
09008,3
331135,5
332296,8
09005,3
330723,5
09238,3
09015,3
332295,8
09201,3
332152,8
09230,3
09245,3
09208,3
09248,3
09273,3
27021,7
332358,9
09004,3
332125,9
09013,3
09274,3
330611,5
09269,3
27902,3
09018,3
09026,3
09215,3
09243,3
27151,7
27043,7
09210,3
27044,7
73140,3
09009,3
29101,9
332133,8
09241,3
09266,3
09224,3
09256,3
09014,3
09221,3
09250,3
331061,1
29060,9
09011,3
27411,3
09023,3
27701,3
29130,9
09305,3
09216,3
09214,3
27161,3
27007,7
330032,1
09204,3
09006,3
330485,1
09262,3
09271,3
27804,3
332535,8
29031,9
09270,3
09265,3
27014,3
27036,3
53522,5
27046,7
332006,8
27501,8
332008,8
27303,7
331612,1
27010,7
27142,3
27441,3
332009,8
27421,3
27047,3
332033,8
27121,7
331617,1
331616,1
27009,7
27039,3
331615,1
27431,3
330296,9
27045,3
27302,7
27606,3
332038,8
27005,7
27132,7
27802,3
27901,3
27052,3
331930,8
27033,7
331744,1
27602,7
27603,7
27143,3
331743,1
331932,1
070159,4
070410,4
331742,1
01412,6
01121,6
331735,8
070120,4
070173,0
070127,4
070126,6
070720,0
070470,4
330852,5
070174,0
070146,4
070162,6
73220,3
070111,6
070148,6
333131,5
070113,0
070580,4
071149,4
29041,9
070490,4
29018,3
070121,4
070100,0
070116,0
070175,6
332395,5
330361,5
070320,4
070145,6
070156,4
070182,6
070112,6
29116,9
070190,0
070540,4
070124,4
29114,3
070171,0
070129,6
73501,3
73129,3
070550,4
29032,3
332394,5
070131,4
070161,4
330360,5
070158,4
070142,4
070480,4
29061,9
070153,4
73228,3
070183,6
01413,6
73212,3
331341,1
01221,0
01321,0
01123,6
01415,6
331331,8
01211,0
01311,0
01313,0
01111,6
01417,6
331330,1
331291,8
01212,0
73216,3
01122,6
331293,1
01113,6
331298,8
331295,8
01515,6
01114,6
01416,0
331294,1
331397,1
01115,6
13006,0
13002,0
13005,0
13001,0
13101,0
331396,8
13104,6
330895,9
73102,3
13107,6
13106,0
73204,3
73207,3
73215,3
73113,3
73139,3
73203,3
73219,3
73125,3
73601,3
73124,3
73156,3
73227,3
73231,3
73232,3
73303,3
MBNF42,3
73504,3
73154,3
73201,3
333234,7
73205,3
331940,1
73225,3
73218,3
73243,3
73101,3
331536,5
73230,3
333094,7
73110,3
333095,7
73234,3
73222,3
333031,5
73224,3
331537,5
73130,3
333028,7
333362,5
330590,5
73801,3
332699,5
73217,3
73105,3
MBNF39,3
USCUST,3
73138,3
29004,9
73210,3
330603,5
73235,3
73229,3
73221,3
73242,3
73115,3
73238,3
73604,3
73237,3
331538,1
73120,3
73701,3
RLNREC,3
73118,3
331539,1
73211,3
73301,3
73112,3
73122,3
73226,3
73147,3
330281,6
73246,3
73144,3
331067,5
333005,5
NCNPRK,3
73213,3
73223,3
332034,8
73239,3
29110,9
73240,3
73202,3
29108,9
330423,9
29015,3
29107,3
29052,3
29021,9
331736,1
29106,9
29058,3
331628,1
29019,9
29071,9
331619,1
29105,9
29023,9
29024,9
331740,1
29044,9
29013,9
29050,3
29057,3
29104,9
29111,9
29039,9
29120,9
29003,3
29030,3
331620,8
29056,3
29042,3
29074,9
331741,1
29113,3
29014,9
330081,5
29002,9
29117,9
29025,3
29040,9
29033,9
29028,3
330050,5
29007,3
29072,9
29109,9
29045,9
330053,5
331754,1
29034,9
29010,9
29053,3
333476,5
29102,9
29131,3
29051,3
330070,5
29073,9
41043,2
331752,1
41209,4
330046,5
331751,1
330709,5
41056,2
41022,2
41052,3
41046,6
41030,2
332963,1
331750,1
332056,8
41502,4
332052,8
41017,4
41208,2
331618,1
41204,2
332113,1
41800,7
332050,1
332049,1
41108,4
331038,9
41101,2
333363,1
67334,7
41021,4
67165,8
41103,2
41600,7
332048,1
332028,8
41032,4
332026,8
41037,4
332025,8
333424,8
331826,8
331889,1
41102,2
332018,8
332017,1
41029,4
41054,6
332016,1
41400,2
45212,7
45209,7
41055,2
41105,2
41503,2
332039,8
332040,8
331766,1
41005,6
331749,1
41205,2
41051,2
41110,2
331629,1
41700,4
331533,5
45124,7
41112,2
41104,2
41501,2
331541,1
41004,4
45301,8
45207,7
45122,7
45129,3
45125,7
45306,7
45106,3
45302,8
45210,7
45203,7
25001,6
25020,0
45115,8
25014,0
331433,8
45205,7
331418,8
53310,7
45117,8
45114,7
45201,7
45304,8
331434,8
45105,3
45308,8
53017,2
45215,7
45202,7
331420,8
25009,0
25061,6
45102,8
25008,0
25016,0
331436,8
25024,0
71009,6
330295,5
53513,7
53506,7
71038,6
331614,1
71020,6
23203,6
71068,6
332737,1
71065,0
71028,6
71012,6
71008,6
71054,6
71023,6
71004,6
331568,5
71006,6
71007,6
71060,0
71029,6
333061,5
330311,5
331624,1
71051,6
331622,8
71066,6
331621,1
71003,6
53517,7
71016,6
71033,6
71064,0
71011,6
331579,5
331638,1
71047,6
23202,6
25040,0
332703,5
53453,7
25058,6
25032,6
71010,6
53148,7
331630,1
25051,0
53515,7
53154,7
333477,7
25017,6
25038,0
25025,0
25041,0
53520,5
53359,7
71036,6
25042,6
25010,0
25034,0
53504,7
25062,0
25002,0
25019,0
25043,6
25011,0
331564,5
330807,1
25037,0
25054,0
25023,0
25066,0
332166,9
25021,0
25048,6
332164,8
25055,0
53619,7
23101,0
332165,1
332118,9
23201,0
53411,7
332117,9
53302,7
332116,9
23106,0
23204,6
23103,0
331305,9
53306,7
331361,8
331362,8
53107,7
53312,7
53034,2
53643,7
53644,7
53153,7
53058,4
53344,7
53314,7
53556,5
331363,8
53508,7
53041,4
53436,7
53671,6
53545,7
53175,7
331571,5
53418,7
53343,7
53518,7
53326,7
53162,4
53341,7
53523,5
53661,7
53065,7
53146,5
53451,7
53304,7
53022,4
53549,5
331580,5
53608,7
53557,7
53050,4
331565,5
53660,7
331352,8
331354,8
53228,8
333262,8
53024,4
333395,7
53054,2
53402,7
53159,7
332999,7
53045,4
53631,7
331546,8
53212,8
332720,6
53114,5
53019,2
53180,7
332938,7
331344,1
331355,1
331570,5
53115,5
53336,7
53053,2
53669,5
331567,5
53328,7
53548,5
53611,7
331347,1
53063,4
53112,7
333230,1
53519,5
53613,7
53220,8
53171,4
53530,7
53612,7
53652,7
53021,4
331774,8
333320,8
53563,7
53413,7
53516,7
53452,7
53662,7
53322,7
53346,5
53203,8
333341,8
331775,8
53323,7
53412,7
53505,7
53650,7
332750,8
53216,8
53404,7
53535,5
53460,7
53663,7
53165,4
53425,7
53030,7
53665,7
53164,4
53178,7
53123,5
331507,8
53018,7
331801,8
53555,5
53438,7
53319,7
53560,7
333267,8
331773,8
53124,7
53177,7
53625,7
53152,7
331506,8
53042,2
330692,9
331158,9
53160,7
53657,7
53531,7
331489,1
53338,5
53330,7
39019,4
39006,4
39004,4
53141,7
53303,7
39012,4
331574,5
53020,4
53056,4
53128,7
331496,8
53149,5
53351,7
53457,7
53647,7
332908,1
53325,7
332161,1
53144,7
53435,7
332147,8
39017,4
39013,4
331376,8
331364,8
331375,8
331365,8
53110,7
53320,7
331374,8
331366,8
331367,8
331360,8
331357,1
53163,4
331358,8
331359,8
53565,7
331911,8
53552,7
53117,7
53461,5
53509,7
331477,8
53503,7
53353,7
39001,4
331476,8
39003,4
331475,1
53561,7
331474,1
331473,1
53031,2
53119,7
53156,7
333393,6
53511,7
53229,8
331835,8
53147,5
53224,8
53442,5
53354,7
53551,7
53603,7
53135,7
332952,6
331781,1
39104,4
331783,8
53003,4
53562,7
331779,1
331788,1
331782,1
39021,6
39020,4
53104,7
331780,1
53462,5
53179,7
53315,7
331504,8
53401,7
53051,5
331502,1
53157,7
53035,2
331486,1
53537,5
333273,5
53564,7
53360,7
53510,7
53113,7
39002,4
39024,4
53158,4
53176,7
333344,5
53044,4
53514,7
53057,4
53559,4
53029,2
53430,7
53060,7
53521,5
53004,5
53127,7
53161,4
53032,2
53629,5
53215,8
53131,5
53639,7
53307,7
53217,8
53026,4
331965,9
53670,5
53547,5
332862,8
53140,5
53419,7
53558,5
53130,7
53318,7
331776,8
333497,8
53345,5
53424,7
53173,7
53055,4
53129,7
331576,5
53301,7
1543,2
53111,7
53403,7
53170,7
53342,7
43018,0
43026,6
53142,5
53136,5
53636,7
43019,0
331833,1
43042,0
331881,8
331827,8
43006,6
43044,0
330875,1
43040,0
43001,0
43015,0
43009,6
31110,3
43036,0
43032,0
43031,0
331950,1
43028,0
49021,7
43010,0
43033,0
43043,0
43029,0
43016,0
43024,6
331825,8
43034,0
43004,0
49019,7
332686,1
43027,0
43046,0
43005,6
333416,8
332685,1
43025,6
43037,0
330012,9
49024,3
49004,7
49106,7
49002,7
49103,7
49117,7
1585,2
49023,3
331522,8
49012,7
49015,7
49032,3
331964,9
49107,7
49115,3
1548,2
49009,7
331575,5
49113,7
49003,7
1532,2
1563,2
31301,3
1545,2
331523,5
331516,8
331526,8
1550,2
331527,8
1586,2
331514,5
1535,2
31206,3
331248,1
31305,3
31704,3
1564,7
1583,2
1581,2
31702,3
331485,1
31200,3
1574,2
1580,2
1556,2
1528,2
333313,6
1561,2
1577,2
31701,3
31600,3
31106,3
333314,6
31107,3
31102,3
31204,3
331969,8
331231,1
1521,2
330426,5
1570,2
331047,1
330230,1
31601,3
1587,2
1524,2
331064,1
31705,3
1504,4
67259,8
331104,1
330560,5
331974,8
1551,2
1584,2
1567,4
1502,2
331963,8
67602,2
331962,8
1542,2
331500,1
1571,2
1565,2
1576,2
1526,4
1568,2
1575,2
332119,9
1552,2
67117,4
1569,2
1540,2
1546,2
332120,9
331304,9
1531,2
1527,2
331308,9
331058,1
1592,2
1523,2
331307,1
331303,9
332455,5
1553,2
67100,4
331301,9
1578,2
330363,5
331299,9
331300,9
331286,9
1566,2
332966,6
1539,2
31201,3
67035,8
331487,1
67124,2
31103,3
67246,7
67031,4
67225,7
67226,8
332639,6
67336,4
67404,8
67320,7
67207,8
67213,8
331488,8
67166,4
67339,8
67081,4
67069,8
331256,1
67131,8
67042,4
67318,7
67076,7
331550,1
67078,4
67420,7
67253,7
67183,7
67101,8
67413,8
331337,1
67047,7
67156,2
67122,4
67242,8
67130,4
67349,4
67316,4
67255,8
67333,7
67236,7
67227,7
67235,7
67427,8
67244,8
67409,8
67230,8
67186,7
67202,7
67067,8
67229,7
331637,1
67050,2
67163,7
67308,4
330221,5
67037,4
67084,4
67141,8
67421,4
67216,7
330178,5
330160,5
67704,2
331348,1
67212,8
67425,7
67303,7
67174,8
67092,4
67118,4
331353,1
67208,7
67310,4
67423,2
67245,4
67327,7
330168,5
67250,8
67218,4
67044,8
67149,2
330063,5
67601,2
330315,6
331513,5
331380,1
67068,8
67140,8
67104,8
67415,7
67162,4
67343,7
67344,7
67243,8
67228,7
67323,7
67180,8
67083,4
331371,1
331370,1
67223,8
67252,8
67189,7
67030,4
67196,7
331263,1
331269,1
67181,4
331274,1
67217,7
331277,1
67305,4
67064,2
331874,1
331861,1
67170,2
67319,4
331867,1
333231,1
331858,1
331857,1
67053,2
67314,4
67312,7
331859,1
331247,5
67220,8
67256,7
331860,1
67123,7
67172,8
331847,1
67414,8
67145,2
67079,4
331846,1
332550,1
332547,1
67340,7
67144,7
67419,7
67150,2
331845,1
67159,7
67237,8
67098,4
67110,4
67209,7
67046,4
67313,7
67187,4
67137,8
67249,4
67254,8
67082,7
67241,7
67337,4
67301,7
331249,5
67075,4
67114,8
67066,8
67306,4
331913,8
67322,7
67139,8
67211,8
67315,7
331915,8
67155,2
67203,8
331545,5
67426,8
67416,2
67258,4
67062,2
67090,7
67091,4
331914,8
67112,4
67134,8
67304,4
67424,7
331349,1
67240,8
67350,8
67043,4
331894,8
67107,8
67058,7
67179,4
67185,4
67332,7
67247,7
67302,7
67408,8
67348,7
331886,1
331884,1
67126,2
331885,1
331895,1
67194,4
67342,7
67074,7
67089,2
331896,8
331916,8
331471,1
332011,8
59101,2
59106,4
331770,8
59201,4
59310,4
59309,4
69006,7
331803,8
75114,0
333175,1
59205,4
75125,0
75109,0
75108,0
75110,0
331721,1
331490,1
59102,2
59304,4
331472,1
59308,4
59306,4
59104,4
331478,8
75143,0
69002,7
75105,0
331737,1
69009,7
75103,0
331738,8
75129,0
331479,8
69010,7
331812,8
75134,0
331739,1
75126,0
331755,1
331419,8
75106,0
75138,0
75137,0
75136,0
331480,8
75145,0
75146,0
75147,0
75149,0
331417,8
331415,8
331481,1
75150,0
331412,8
331482,1
331484,1
75120,0
75141,0
75228,0
331414,1
331424,8
75122,0
75123,0
55008,3
55009,3
331501,1
75117,0
332411,1
330539,5
75124,0
75127,0
333102,5
75130,0
55101,3
55002,3
55004,3
55007,3
55013,3
333107,6
55012,3
331975,8
332075,9
332076,9
55015,3
331684,1
331991,8
332058,8
331961,9
332088,1
332083,9
332084,9
332089,9
332081,9
332987,9
332951,1
330701,1
331917,8
331918,8
331448,8
331449,1
331430,1
331428,8
331450,8
331451,1
330598,5
331055,5
330594,5
330270,5
331082,1
330261,9
330258,9
332410,6
331116,5
333035,7
333077,7
333001,7
332417,5
330056,6
330055,6
330078,5
330688,1
332904,5
331032,6
331084,5
330671,5
331059,5
333479,9
332791,1
330381,6
333298,1
332584,4
332074,9
332071,1
332237,9
332238,9
332255,9
332259,1
332235,9
332027,8
332104,8
331997,9
332021,8
331756,8
333128,1
333127,1
332956,1
332955,6
333066,5
331454,1
331456,1
331457,8
331458,8
331459,8
331460,8
331597,8
331600,1
333315,1
332638,6
333281,6
332996,7
333301,5
332990,5
333352,1
333517,1
330824,1
330741,1
331729,1
330348,5
330649,1
330298,1
331351,8
332684,1
332620,1
332564,1
330742,4
332065,8
332064,8
332055,8
332115,8
333233,6
331164,6
333104,5
330578,5
331350,8
332850,8
332643,1
330936,1
332492,6
333391,6
331287,1
333044,7
332702,5
331288,1
330054,5
330596,5
332586,1
331153,5
333188,5
331195,5
331289,1
333454,1
331113,1
332965,1
333008,5
332961,1
333387,1
330460,5
332736,4
333472,1
330919,1
333153,1
331156,6
332522,8
331824,8
331892,8
331893,8
331910,8
331468,1
331467,1
331464,1
331463,8
331462,8
333075,5
333062,5
331602,1
331552,1
330799,5
330282,6
332967,1
333043,7
330082,6
330062,5
332390,6
333365,5
330313,6
333034,7
333057,5
331062,6
330767,1
330768,1
330790,1
332650,1
333059,5
332941,1
332975,1
333268,6
331099,6
332658,6
332616,6
333374,4
330301,6
333186,5
332512,8
333364,5
332379,9
332281,9
332293,9
332282,9
332292,9
332283,9
332291,9
332043,1
332023,8
331377,8
331379,1
331131,1
330956,5
331215,5
331636,5
331634,1
330297,5
330532,5
331128,5
331071,5
330739,5
330371,5
331049,1
333045,7
333236,5
330058,5
330773,1
331183,1
330784,1
330525,1
330318,6
333308,1
333307,1
332971,1
330310,5
330901,6
332667,5
332290,1
332285,9
332289,1
332286,1
332302,1
332271,8
332509,9
332508,8
332502,8
332644,5
332645,5
332646,5
330864,5
331700,1
331138,5
330278,5
331073,5
331332,8
330047,5
330072,6
330787,1
333295,1
332359,9
332228,9
331404,1
332603,1
330774,1
333202,1
330432,1
332504,8
332506,8
332510,8
332503,9
332507,8
332593,8
332172,8
332171,8
332148,8
332149,8
332170,1
330853,5
332647,5
330851,5
330855,5
330362,5
330367,5
330924,5
331187,5
331992,8
332014,8
331994,9
331993,9
330074,6
332980,7
333338,6
332729,6
333510,5
333373,5
332841,1
332795,1
332656,1
331772,1
331990,8
330404,1
332015,8
331818,8
333252,1
331403,9
331402,1
332121,9
332126,9
332130,8
333203,1
333515,1
331834,1
331840,1
331817,8
331839,8
331838,1
330319,9
332146,8
332162,1
332168,1
332167,1
332163,1
330682,5
330272,5
330668,5
331023,1
332412,1
331819,8
332623,5
330093,5
330342,5
330330,5
331986,9
331996,9
331983,8
331984,8
332105,8
331982,8
331416,8
333329,5
333537,5
332490,5
332834,5
330697,6
333242,5
332000,8
332001,8
332004,8
332100,8
332099,8
332097,9
332594,1
330834,1
331921,8
333214,1
331130,1
331841,1
331853,1
330396,9
333514,1
331306,9
331296,8
331297,9
330729,6
330515,6
330658,5
331235,5
332906,5
332820,5
332625,5
332627,5
332673,5
332626,5
330236,5
330606,9
333093,5
333048,5
331212,5
331421,8
331435,8
331422,8
331423,8
331431,8
331432,8
331035,6
332831,6
330492,5
330089,6
330238,6
332567,5
330593,5
330588,6
330576,5
333272,6
332614,6
333536,6
332813,6
331110,6
330338,9
332562,9
331343,1
331499,8
332725,1
331290,1
331030,9
332940,1
333409,4
331342,1
331345,1
331292,9
331309,1
331310,1
331284,1
331285,1
331312,1
331313,9
331314,9
331283,9
331582,1
331594,1
331532,8
332501,5
331534,5
331535,1
330251,5
330475,1
332674,5
332416,5
331078,5
330911,5
331146,5
333092,5
333047,5
333238,5
333087,6
333050,5
332842,5
331558,5
331651,5
331553,5
331555,5
331559,1
330427,6
333538,5
333189,6
332618,6
332406,5
330037,5
330088,9
333462,5
330528,5
332375,1
330812,6
331511,1
331510,8
331509,8
331508,8
332480,9
330810,6
331872,8
332469,6
330307,6
332491,1
333215,6
331540,5
330859,1
331282,9
331281,1
332304,8
332268,8
332269,8
331698,1
332267,8
331322,8
331320,1
331319,1
331329,1
331317,1
331318,8
331325,1
331326,1
331324,1
331323,1
332928,1
332545,1
332548,1
332549,8
332544,8
331596,1
331607,8
331608,1
331592,8
331697,8
331258,1
331259,5
331543,5
331498,1
330846,5
330025,6
330792,1
330789,1
330786,1
330479,5
333539,6
333049,5
333110,5
331557,5
331563,5
332446,6
331066,6
332403,6
332985,5
332939,5
330482,5
332921,1
333461,5
330607,5
332224,9
332566,6
332942,1
332090,1
331976,9
331703,8
331701,1
331022,9
333212,6
333506,6
330100,6
333385,6
333296,4
330801,4
333516,1
331394,1
331398,8
331395,1
331393,8
331392,1
331391,8
331273,8
331390,8
333319,1
331720,1
331722,1
331723,1
332749,8
333496,1
333345,1
331871,8
331891,8
331936,8
331935,8
331937,8
331497,8
330461,5
330524,5
330276,5
330699,5
330848,6
330780,1
330794,1
330793,5
331387,8
330586,5
331704,1
333091,5
333015,5
333012,5
333004,5
333006,5
333021,7
333014,5
331107,6
333408,6
330246,6
330379,5
333304,5
333041,7
332387,5
332260,9
331587,8
333036,7
333029,7
333037,5
332261,1
333400,6
332274,1
333507,6
333412,1
332272,1
332263,1
333318,1
332742,4
332278,9
332257,1
332277,9
332276,9
332275,9
331711,1
331709,1
331717,1
331715,1
331713,1
331710,1
331718,1
331716,1
331714,1
331727,1
331938,8
331583,8
331584,8
331585,8
331945,8
331947,8
333007,5
330489,5
331150,5
330344,5
330788,5
332445,5
330795,5
331954,8
332993,5
333090,5
333378,5
333232,5
333011,5
333019,5
333046,5
331966,9
332746,6
332721,7
331953,9
332599,6
333184,5
333079,7
331952,8
333523,5
331696,8
333375,5
333532,6
333098,7
333096,7
333522,9
333418,6
332693,6
332270,8
332264,8
332266,8
332377,8
332253,9
332252,1
332240,1
331692,8
331691,8
331690,8
331689,1
331688,1
331726,1
331724,1
331725,1
331732,1
331734,1
331731,1
331730,1
331633,1
331632,1
331650,5
331648,5
331635,1
331646,5
331647,5
331640,1
332244,8
332243,8
330568,1
330705,1
331695,8
331677,8
330452,5
331967,9
333276,5
333053,6
333052,5
333056,6
333055,5
333054,5
331151,5
333088,5
333086,5
330886,7
332856,7
332477,5
332576,5
332391,5
333521,5
332218,9
333474,5
330881,5
331968,8
333078,7
333520,5
330328,6
331978,8
333328,9
333216,1
333218,6
333284,9
331815,1
331687,1
331816,1
331683,8
331673,8
331675,8
331652,1
331942,8
331941,8
331643,1
331566,5
331572,5
330722,1
330331,1
331100,1
331661,8
331662,8
331663,8
331693,8
331822,8
331864,8
333332,5
330601,5
333172,6
333000,7
330695,9
332771,9
333026,5
333023,5
332838,6
333042,5
330014,5
333141,6
330013,5
330419,5
330798,6
330418,5
332717,6
333492,5
333248,7
330417,5
333468,5
333444,6
332723,6
331670,8
333219,6
333388,1
333217,1
331672,8
331191,6
330869,6
330314,6
331122,6
331668,1
331971,8
331957,8
331955,1
331959,8
332245,1
332098,9
331665,1
331685,1
331813,1
331765,1
331764,1
331769,8
331763,1
331760,8
331762,1
331761,1
331758,8
331759,8
333491,6
331408,8
331409,8
331410,8
331411,8
330818,1
331189,1
330231,1
330900,1
330913,1
330567,5
330033,5
330805,1
330587,6
333446,5
330599,5
333180,5
333032,5
331206,9
333195,1
332865,9
333030,5
333022,5
333487,7
333486,7
333200,9
333405,7
330910,6
333493,6
330600,5
331145,1
333279,5
333283,9
332839,6
330409,5
330410,5
330415,5
330411,7
333456,5
333413,6
332959,6
333591,6
333592,1
330290,6
333581,5
333193,6
333598,1
333554,6
332633,5
333205,1
333355,1
330914,9
330711,9
330754,9
330898,9
330517,1
332634,5
332931,9
332933,9
330632,9
332635,5
330940,5
330941,5
332632,5
330119,1
330114,1
330117,1
330408,1
330112,1
330815,5
330108,1
332428,1
333292,5
330210,1
333330,1
330122,1
330994,5
330134,1
330144,1
330214,5
332777,5
330213,5
330162,5
333595,8
331052,5
330333,5
332386,1
330142,1
333541,5
333601,6
330866,9
330274,8
330888,8
330519,9
330241,8
330527,9
331080,9
330655,8
330948,5
330926,6
333199,9
332930,1
333109,1
332932,1
332636,5
330113,1
330176,1
330110,1
330177,1
330103,5
330120,1
330121,1
330220,1
330164,5
330167,5
330145,5
330422,9
331018,5
331017,5
331010,5
330989,5
332816,1
332848,5
330133,1
333547,6
330140,1
332753,8
330001,8
330538,8
332439,1
330092,8
330143,5
331237,1
330686,1
333192,6
332769,6
332595,1
332571,1
333397,6
332912,6
330132,5
332299,8
333249,1
332728,5
330505,5
330211,5
330127,5
332430,5
331196,5
330273,5
330660,5
330022,5
330336,5
331036,5
331578,5
332913,1
331204,5
332845,6
330970,5
332303,8
332763,1
330400,1
332764,1
331143,1
330696,1
332561,9
331086,9
330870,1
332759,9
330474,1
332916,6
332910,6
332915,1
332305,8
330938,5
332642,6
333316,6
330951,6
332448,6
332306,1
330129,1
330180,1
332782,5
330179,1
332357,8
332300,1
332320,8
332319,8
332307,1
332517,9
332518,9
332520,8
332534,9
332533,9
332532,9
332528,9
330903,8
330665,8
330510,9
330267,9
330346,9
331106,9
331168,9
330689,1
330572,1
330473,1
330861,1
330232,1
330897,1
331021,9
330620,9
330618,1
330623,1
330624,9
330616,1
330935,1
332554,1
331015,5
331008,5
332581,5
332739,1
330996,1
330457,1
330804,5
333165,1
330719,5
333164,5
330800,5
330430,5
333588,5
330738,5
331140,9
331101,9
330277,9
331197,9
330802,9
330038,9
331171,1
330573,1
331077,9
330494,9
330735,1
330526,1
333401,9
330628,1
330533,1
330627,9
330622,1
332786,1
331233,1
330752,1
330749,1
333403,5
330918,5
332485,5
332836,5
332708,5
333483,5
330842,5
333494,5
333417,5
332986,1
332399,1
332441,5
332707,1
332710,1
332563,1
333396,5
333459,5
333594,9
333590,5
332919,1
330920,9
330454,9
330499,8
330486,9
330368,8
332712,8
330559,8
330609,8
331228,9
332754,1
332765,1
330356,1
332657,1
330306,9
330019,1
330633,1
332731,1
330751,1
330322,1
330321,1
330326,1
330324,1
332217,8
330320,1
331102,5
332363,9
332366,8
332367,9
332350,9
332349,1
332351,1
332348,1
332352,1
332353,1
332370,9
332371,1
332345,9
332346,9
332344,9
332369,1
332347,9
332342,9
332343,9
332341,9
332340,9
332339,9
332326,9
332145,8
332143,8
333558,1
333421,1
330444,9
330844,9
330605,8
330424,8
331053,9
331020,9
330832,9
330470,9
332203,8
330820,9
330252,1
330253,9
332678,9
332540,8
332762,1
330438,9
333439,1
332920,1
330646,1
332537,8
330636,1
332788,1
330186,1
330188,1
330191,1
330194,1
330193,1
330203,1
332204,8
332206,8
332200,8
332201,8
332202,8
332539,8
332128,9
332127,9
332360,9
332313,8
332325,9
332324,8
332327,9
332796,8
332338,9
332337,9
332328,8
332336,9
332335,9
332330,9
332334,9
332322,8
332317,8
332318,8
332321,9
332332,9
332333,9
332500,8
332316,8
332310,8
332314,8
332373,8
332311,8
332298,8
332297,8
330537,8
330530,9
330514,8
330921,9
330262,9
333398,1
332596,1
332457,9
331224,1
332715,5
330638,1
330639,1
332598,1
330643,1
330645,5
330642,1
330641,1
330205,1
333150,1
332958,5
332772,5
332716,5
332558,5
333224,5
333223,1
331002,5
330980,5
330984,5
331004,5
330988,5
330992,1
330962,5
330975,5
330978,5
330979,5
330958,5
333404,1
333287,1
330488,9
330518,1
332945,1
332748,5
332683,4
330024,8
331210,9
331236,9
331121,6
332495,6
333399,1
330383,1
333420,6
330925,6
333337,1
333143,1
332962,1
330226,5
330223,1
330196,1
333166,5
330206,1
332943,1
331178,9
330099,1
331194,5
330733,1
330017,5
332484,5
333312,5
330755,1
330758,1
330759,1
330771,1
330757,1
330154,5
330796,1
330765,1
332465,1
330335,9
330378,9
333495,5
333271,9
330917,9
330819,9
330462,1
332552,1
330255,1
332722,1
330554,1
332489,6
331040,1
332421,1
332580,6
331112,6
330198,1
330190,1
330797,1
330763,1
332691,1
330766,1
330775,1
330776,1
330777,1
330782,5
332605,6
332692,6
330882,6
331056,1
330397,1
331089,1
331075,1
332473,1
331225,1
330610,1
330521,1
332423,6
332761,6
331085,6
330939,1
330945,1
332434,1
330153,5
333149,6
330545,6
330547,1
333530,1
333371,1
332629,1
333500,1
330548,1
330946,5
332630,5
332597,1
332461,1
333206,6
332467,5
331019,1
332679,1
333450,6
332649,6
330947,5
332775,5
330126,5
332806,1
333138,6
333464,6
332923,9
333228,1
330248,5
332911,1
333422,9
333529,1
332918,9
332560,6
35301,8
332640,6
330944,6
330156,5
332776,5
330165,5
330163,5
332432,5
333261,5
35245,8
330702,5
330993,5
333174,5
35247,8
332669,5
333460,5
332833,5
330229,5
331125,5
330456,5
330893,5
331034,5
333136,5
330880,5
333475,1
330942,5
332778,5
333535,5
330146,5
330233,5
330667,6
333489,6
330966,6
330283,6
333490,6
330271,5
332844,5
330986,5
331109,5
332984,5
332666,5
332740,1
330721,5
332215,8
332208,8
332216,8
333569,9
333593,1
333555,1
333540,5
333542,5
333564,1
330171,5
330981,1
330138,1
330136,5
330131,5
332815,1
331007,5
332802,1
333359,5
332475,1
330969,5
333162,1
330395,1
332689,1
330965,5
331000,5
330982,5
333154,5
330967,5
333419,1
333606,5
333556,8
333566,1
333567,1
333568,8
333570,8
333563,1
333573,1
333579,5
333580,8
333589,6
333584,6
333585,6
333586,1
333587,1
333577,5
35223,8
35222,8
35272,8
35257,8
35336,8
35122,8
35328,8
35330,8
35332,8
35250,8
35340,8
35295,8
35252,8
331970,8
35412,8
35441,8
35271,8
35270,8
35269,8
35410,8
35450,8
35454,8
35215,3
35278,8
35453,8
35415,8
35417,8
35430,8
331699,1
35297,8
35107,8
35422,8
35458,8
35146,8
35087,8
35099,3
35207,8
35283,3
35086,8
35461,8
35460,8
35051,8
35088,8
35090,8
35419,8
35242,8
35440,8
35032,8
35114,8
35130,8
35404,8
35403,8
35208,8
35277,8
35294,8
35156,3
35286,3
35285,3
57312,9
35109,8
35022,3
35405,8
35001,3
35445,8
35427,8
35005,3
35007,3
35151,8
35141,8
35029,3
35425,8
35120,8
35148,8
35280,8
35046,3
35105,8
35121,3
35040,3
35056,8
35159,8
35058,8
35098,8
35139,8
35135,8
35137,8
35125,3
35150,3
35129,3
35266,8
35265,8
35296,3
35290,3
35126,3
35203,8
35140,3
35142,8
35143,3
35258,8
35216,8
35227,8
35260,8
35206,3
35201,8
35127,3
35128,3
35173,8
35165,8
35073,8
35067,3
35071,8
35164,8
35175,8
35310,8
35312,3
35161,8
35302,8
35217,8
35213,8
35104,8
35325,8
35304,8
35240,8
35241,8
35305,8
35322,8
35320,8
35333,8
57146,3
57122,3
57207,3
57164,3
57310,9
57135,3
57209,3
57301,9
57309,9
57201,3
57217,3
57211,3
57220,3
57204,3
330407,8
57327,9
330744,1
57326,9
57147,9
61A413,8
57224,3
57158,3
57119,9
57502,3
57167,9
57125,9
57407,9
57103,3
57121,3
57801,3
57113,3
57168,3
57124,9
57118,9
57132,9
57102,9
330929,5
056295,4
57117,9
57156,9
57176,9
57601,0
57116,9
57154,3
57140,3
57171,3
056305,4
57404,9
57155,9
57128,9
57141,3
57133,0
57107,0
57000,0
57148,3
57114,3
57507,9
57120,9
57110,9
57701,3
57139,3
57111,3
57503,3
57136,9
57138,9
57145,9
57165,3
331805,8
57501,3
57508,9
57855,3
332854,6
57101,3
57329,9
57321,9
57314,9
634424,0
57315,9
57170,9
57104,3
5120,0
57328,3
21044,6
21080,0
5117,0
5105,0
5116,0
5124,0
21001,6
5103,0
21074,0
5122,0
5119,0
61E218,9
21084,0
5112,0
21043,6
21089,0
21076,6
21081,0
21091,0
5126,0
5102,0
5114,0
21082,0
21050,6
5121,0
5118,0
21062,6
21037,6
5125,0
21079,0
21069,6
21063,6
21002,6
61H246,9
21070,6
21006,6
21067,6
21071,6
21090,0
21064,6
21073,6
61E202,3
61J230,9
61O445,1
61J218,9
61B117,9
61O216,9
61B425,9
61O218,9
333148,1
61I421,9
61L428,9
75131,0
61L216,9
61O427,9
61O201,9
61P434,9
61O429,9
61P450,9
61P203,3
61A408,8
67182,8
61K803,0
61K251,9
61L432,0
67033,4
61M208,9
61B445,1
61J249,9
61M205,9
61O217,9
61B131,8
61N403,9
61P220,3
61O406,9
61K421,0
61L422,0
47209,3
35084,8
61P415,3
61F276,9
61B132,8
61D426,3
61K216,9
61B411,1
61I204,9
61D406,9
61P201,3
61F225,9
17203,4
61P422,3
61C406,9
61O407,9
61J209,3
053104,4
61J268,9
61I414,9
61E203,9
61P416,3
61M230,3
61A403,8
61C407,6
61D417,9
61F233,8
61P409,9
61A409,9
61F261,9
61K231,3
61F275,8
61B101,1
61B456,1
61F410,9
61I213,3
61F251,9
61B402,8
61I240,3
61P210,3
61O412,9
61B104,9
61A402,9
61P218,3
61K434,9
61P244,9
056320,4
61B409,9
61P453,9
61J244,3
61A406,8
61H215,8
61P242,9
61L436,6
61L219,0
61O210,9
61O206,9
61F249,9
61L405,0
61N404,9
61O415,9
61H212,8
61K422,3
61P429,3
61H219,8
61I241,9
61F230,9
61D415,3
61K444,3
61P411,3
333322,5
61P441,9
61J237,9
61D423,3
61D411,9
61G108,9
61K405,9
61F243,9
61L416,3
61B113,1
61J205,9
61L218,9
61F244,9
61E200,9
61O426,9
61F256,9
61I243,9
61L426,3
332035,1
61E213,9
61H248,9
61B439,1
61P407,3
61P234,9
61H252,9
61J234,9
61O212,9
61O419,9
61L232,0
61B413,1
61K426,3
61O403,9
61L212,9
61P435,9
61L800,0
61C416,1
331257,1
61K204,3
61P239,9
61L214,9
61B458,9
61O402,9
61F283,8
61J227,9
61P217,3
61L404,9
61P425,3
61C404,1
051675,4
61K254,3
61J231,3
61P433,3
61K248,9
61J242,3
61B444,1
61J210,9
61C418,9
61A101,8
61F278,8
61E210,9
61B421,9
61H249,9
61L442,6
61F268,8
61B404,9
61B438,8
61P439,0
61L409,9
61K250,9
61K256,3
61D412,3
61C411,1
331057,5
61D231,3
61C412,1
61B138,8
61G107,9
61B429,9
61K435,3
61D416,3
330710,6
61K402,3
61O435,1
61L403,6
331806,8
61N201,3
61D255,3
61I210,3
29016,3
61I423,9
61F236,9
61B125,1
61L402,6
61E204,3
61K213,3
61F255,9
61D427,3
61P459,3
61P423,3
61L425,9
61B144,8
053557,4
61M206,9
61F257,8
633164,0
61F412,9
61D424,3
61I237,3
61I420,3
29009,3
61K420,3
333020,5
61J224,9
61P206,3
53014,4
61P241,3
61M209,9
332751,6
61C403,9
67168,4
61K437,3
61K438,3
61I209,9
61P443,9
67119,4
61E401,3
61F242,9
61D230,3
61D413,3
61O209,9
61O220,9
61J233,9
61O430,3
61K423,0
61O416,9
61E207,9
61F252,9
61F245,9
61K406,3
61P211,3
61I218,3
61L407,6
61B422,9
61L421,0
333081,5
61K205,3
61A414,1
61E201,9
61J286,3
61B140,8
61L411,6
61N401,9
61K206,9
61H225,8
61C420,9
61H227,9
61P219,3
61I418,9
61P245,3
61D414,3
61O413,9
61I242,9
61O405,1
61B103,9
61E205,9
61L406,9
61J202,9
45309,8
61L415,0
331639,1
61K403,3
61D420,3
61I404,9
61D408,3
61F241,9
61K416,3
61B139,8
61F271,8
61D430,9
331159,7
61P440,9
61B119,9
61L217,9
61B412,9
61P402,9
61K431,9
61F248,8
61J250,3
61L417,6
61E220,9
333323,6
61L441,0
61B126,1
61K207,3
67178,7
61O432,1
61B457,9
61A416,8
61J251,9
61O438,9
61P906,3
61F282,9
61L434,0
61C405,1
61P447,3
61F258,8
61F246,9
61F426,9
61B136,8
61D227,9
61L435,9
61P427,9
61L231,6
61P430,9
61L414,3
61D251,3
61F240,9
61P202,3
61F232,8
61K252,9
61F254,9
61J283,9
61H401,8
61N905,9
61K443,3
61J216,9
333372,5
61I235,3
61I238,3
61B416,1
61F262,8
61E408,9
61I422,3
61L427,0
73241,3
61G110,8
61D403,9
61E214,9
61B441,9
61F247,8
61P232,9
61D419,9
61L412,6
332752,6
61F430,9
61L234,6
330687,5
61L410,9
61P426,9
61K412,3
050460,6
61C413,9
61F274,9
636035,0
61J276,3
61B134,1
61P456,9
61B427,1
61B415,9
61I417,3
61D409,3
61J201,9
61P404,9
61D428,3
61E410,9
61D431,3
61K221,0
61O204,9
61B106,1
61K253,3
61O443,9
61F238,9
61L211,9
61I211,9
61I215,9
61I412,3
61E211,9
61F250,8
61C414,1
61L201,0
61I419,9
61J294,3
61F280,9
61I203,3
61P209,9
61H250,8
61B426,1
61K408,9
61F414,8
61H251,9
61A411,8
61F227,9
61B127,1
61E405,9
61D252,3
61B123,1
770170,4
61F259,8
61C415,9
61F235,9
052630,4
61F263,8
61C410,1
61K232,3
61F403,8
333076,5
61P431,3
61F269,9
61D410,9
054004,6
61E217,9
61F253,9
330753,6
61M402,9
61K210,9
61K410,3
3723,4
61P452,9
3730,4
61D425,9
055603,4
61I201,3
61F417,9
61B433,1
3733,6
333526,5
61A404,8
3714,4
61C417,1
17210,6
61K247,9
61J228,9
3748,6
41106,2
054006,6
3715,4
775003,4
3745,4
3762,4
3739,4
3758,4
3747,4
3746,4
3726,4
3701,4
3760,6
3729,4
770131,4
3704,4
3734,6
65046,0
3753,6
3754,6
65045,0
65039,0
65025,6
65101,0
65044,0
65047,0
65021,0
65001,0
771703,4
65015,0
052580,4
65022,0
774501,4
65008,0
771701,4
65028,6
65019,0
65109,0
65054,0
65115,0
65040,0
65050,0
65009,0
65053,0
19031,0
65020,0
53437,7
65007,0
051406,6
65014,0
65026,6
19016,0
772101,6
65003,0
332637,5
19035,3
19027,0
19029,0
774504,4
19019,3
19014,0
19008,0
29043,9
19001,0
330374,5
19011,3
770110,4
19021,0
330373,5
773104,6
770181,4
774603,4
770120,4
774112,4
330575,5
774001,6
771502,4
774602,4
770142,4
770162,4
770154,4
770501,4
774604,4
774114,6
773605,6
31109,3
773701,4
775010,4
332570,5
773306,4
771901,6
09002,3
770163,4
773503,4
774609,6
771708,4
53628,7
774601,4
770126,4
771503,4
055627,6
770104,4
770302,4
774104,6
774002,6
772701,4
330583,5
773206,4
770186,4
773504,4
773313,4
773902,4
053551,4
774402,4
056250,6
774625,4
772306,4
772501,4
775014,4
774111,4
775020,4
771705,4
054008,4
773105,6
770901,6
774101,4
051601,4
774108,4
054002,4
774606,4
053555,4
773601,4
055623,4
770138,4
051408,6
771301,4
633165,0
774627,4
771504,4
771501,4
772301,4
772103,6
17306,0
770303,4
774303,4
17207,6
775202,6
17303,0
770111,4
17308,0
773602,4
17201,4
17305,0
17102,4
17213,0
052638,4
17307,0
053540,4
17206,0
17316,4
17311,6
056115,6
055628,4
051655,6
056135,6
052565,4
051360,4
051380,6
633133,0
636004,0
052406,6
056265,6
052401,6
054007,6
052620,6
053556,4
333368,6
056120,6
056260,6
333367,6
055626,4
051651,6
056110,6
052403,6
056235,6
054102,4
053500,4
055629,4
056286,4
056145,6
056186,6
050455,6
055615,4
054003,4
052636,4
051650,6
333235,5
051400,6
332493,1
051416,4
054009,6
053510,4
056150,6
051685,6
053103,4
055630,4
056281,4
052405,6
330476,5
050450,6
053102,6
052595,4
056270,6
052590,4
051414,6
056240,6
050465,6
29054,3
633141,0
051290,4
331227,5
051690,4
051404,6
052402,4
051402,4
634006,0
051665,4
639500,0
051422,6
053002,6
636011,0
634021,0
634439,0
634408,0
636104,0
332803,6
639008,6
634427,0
333451,6
636133,6
633126,6
636007,0
633140,0
333384,6
633129,0
639700,0
639203,0
639003,6
636018,0
634000,0
634023,0
634014,0
634024,0
633154,0
636106,0
636026,6
636118,6
633125,0
636127,0
634403,0
637200,0
633135,0
633127,6
636153,0
633137,0
634025,0
634026,0
333002,7
633143,6
639202,0
332988,5
636024,6
633158,0
636137,0
636010,0
634406,0
639015,6
330049,5
636140,0
634300,0
67167,7
636012,0
636003,0
330279,5
637005,0
634009,0
634433,0
633121,0
636005,0
636126,6
637300,0
633100,0
639101,0
637002,0
636025,6
633114,0
636009,0
636132,0
636033,0
636135,0
636150,6
330677,1
636008,0
637012,0
634101,0
636019,6
636117,6
634441,6
636000,0
331686,1
634029,6
636016,0
634400,0
634027,0
634419,0
636029,0
634405,0
330650,1
636014,0
636006,0
639200,0
333406,4
636001,0
633102,0
633117,0
633108,0
636107,0
634003,0
637010,0
331719,1
639013,0
331934,8
634415,0
633163,0
333327,1
639004,0
637004,0
633109,0
633112,0
639002,0
634008,0
634004,0
634002,0
633115,0
634303,0
639100,0
636119,6
633148,0
639001,0
634407,0
636151,6
636102,0
333159,5
636136,0
637301,0
636116,0
639006,0
634417,0
634440,6
636002,0
636108,6
634200,0
633162,0
633128,0
636400,0
639007,0
633161,0
633153,0
633131,0
634432,0
637000,0
636152,0
333386,6
634011,0
633152,0
637001,0
637100,6
634402,0
636027,0
636105,0
637006,6
633147,0
634428,6
637003,0
634001,0
639020,6
634422,0
332585,5
637011,0
634022,6
634302,0
633160,0
636022,6
333305,7
639011,0
634013,0
636129,0
639012,0
633136,0
634015,0
633139,0
639000,6
47166,3
634016,0
47126,0
639005,0
47113,0
47089,0
47168,3
47121,0
47014,0
47129,3
47048,0
47222,3
47047,0
47177,0
47084,0
47042,3
47167,3
47015,3
47138,3
47095,0
47066,0
47070,0
47087,3
47201,3
47146,3
333033,5
47179,0
47197,3
47160,3
47063,3
47187,3
47026,0
47137,3
47184,0
47215,3
333402,6
47152,3
47124,0
47161,0
47221,0
47185,0
47004,3
47040,3
47093,0
330207,5
47181,0
47036,3
47043,3
47017,0
47038,0
47203,0
47120,0
47092,3
47025,0
47131,0
47102,0
332559,5
47081,3
331069,5
47188,3
47086,3
47075,0
47135,3
47012,0
47105,3
47134,0
47195,3
47162,0
11257,2
47076,0
47141,0
47028,0
73106,3
47033,0
73206,3
47200,3
47001,3
47169,3
11650,2
47139,0
29118,9
47058,3
47067,0
53431,7
47064,0
29036,3
47035,3
47054,0
53143,7
47031,0
47099,3
47097,0
47199,3
11678,2
47002,0
47173,0
47130,3
11960,2
47143,3
11585,2
47050,0
47176,0
11050,2
11480,2
11686,2
11335,2
11435,2
11617,2
11620,2
11683,2
11110,2
11669,2
11640,2
11573,2
11592,2
11350,2
11200,2
11677,2
11453,2
11147,2
11415,2
11961,2
11555,2
53167,4
11935,2
11693,2
11590,2
11240,2
11426,2
11449,2
11914,2
11680,2
11445,2
11180,2
070150,4
11577,2
11900,2
333097,7
11638,2
11675,2
11593,2
11560,2
11470,2
11575,2
11615,2
11913,2
11448,2
11153,2
11430,2
11190,2
29038,9
11515,2
11668,2
11965,2
11660,2
11451,2
333505,1
11630,2
11642,2
11966,2
11571,2
11654,2
11610,2
11424,2
11543,2
11691,2
29029,9
11679,2
11460,2
29026,9
11120,2
11682,2
11690,2
11175,2
11633,2
11648,2
332628,1
11502,2
330166,5
11485,2
11663,2
11452,2
53106,7
11220,2
11450,2
11652,2
11245,2
330159,5
11964,2
11150,2
11410,2
11250,2
11653,2
11070,2
11545,2
11584,2
11160,2
11434,2
330392,5
11580,2
11170,2
11455,2
01414,6
09253,3
11563,2
11681,2
11905,2
11565,2
11500,2
11963,2
03204,0
11325,2
53501,7
11535,4
330520,1
11540,2
03004,0
03301,0
03302,0
03101,0
03501,0
03503,0
03401,0
03307,0
09021,3
03402,0
09019,3
53627,7
03303,0
03203,0
13102,0
09405,3
73236,3
09218,3
09249,3
09302,3
09403,3
09001,3
27023,3
09259,3
27201,7
53648,7
09223,3
09247,3
09246,3
09205,3
09207,3
09237,3
09217,3
09229,3
09228,3
09007,3
09209,3
09254,3
09233,3
09406,3
09222,3
09404,3
09267,3
09232,3
09240,3
53405,7
09268,3
332472,5
09258,3
09301,3
09227,3
27032,3
09017,3
27601,7
330990,5
09251,3
53601,5
09025,3
09257,3
09304,3
73117,3
09260,3
09003,3
09226,3
27050,7
09402,3
09206,3
332551,6
09024,3
09203,3
27803,3
09220,3
27030,8
53108,7
27029,7
27301,7
27012,7
27003,7
27131,7
27017,3
331186,8
27042,3
53102,7
27004,3
27048,3
27006,7
27041,7
27008,7
070147,6
27026,3
070610,6
27038,3
73602,3
27002,7
31703,3
27451,3
070140,4
070590,4
070165,6
332462,1
070164,6
070420,4
070115,0
070310,4
070520,4
29017,3
331181,1
070133,4
070530,4
070440,4
070181,0
070710,6
330389,6
070128,4
01112,6
070172,6
73149,9
070154,4
73153,9
070155,4
73245,3
070730,0
070430,4
070151,4
070143,4
070510,4
070125,6
070560,4
070123,6
070141,4
070220,6
070134,4
41003,2
070132,4
070110,0
070152,6
070144,4
070135,4
330971,5
070122,6
332531,9
070330,4
13103,0
070157,4
332529,8
070149,4
330985,5
070117,6
01513,0
070114,6
73104,3
070210,6
01222,0
01511,6
01324,0
332766,1
01411,6
73109,3
01516,0
01325,0
73107,3
01322,0
01514,0
01512,6
13004,6
13105,6
13000,6
73603,3
13003,6
73148,9
73136,3
73103,3
73401,3
73132,3
73116,3
73121,3
73143,3
73128,3
332922,1
73145,3
73127,3
73247,3
73605,3
73142,3
73141,3
73135,3
73157,3
330619,9
73155,3
73209,3
73146,3
332641,6
73505,3
73208,3
73152,9
331012,5
73108,3
31302,3
73123,3
330031,1
73244,3
331076,5
73133,3
73302,3
67257,4
73126,3
73151,9
73502,3
73137,3
73134,3
73111,3
73150,9
73131,3
73114,3
29022,9
29008,9
29020,9
29011,9
29062,9
29035,3
29006,3
29070,9
29001,3
29012,9
29112,9
29121,9
331152,6
41006,4
41203,4
333502,6
41013,4
41002,4
330756,1
41008,2
330762,1
41012,7
330309,1
41024,2
330950,5
41048,4
41026,4
41202,4
41201,2
53458,7
41016,2
41035,4
41900,4
332718,1
41011,2
41111,2
332773,1
41045,7
41053,2
41027,7
41206,2
41009,2
41109,2
41036,4
41034,4
41049,6
41041,2
45206,7
330151,5
41033,4
45131,8
332556,1
41044,2
41113,2
41040,4
41047,2
330366,5
330135,1
41025,2
330694,1
41018,2
45109,8
41014,2
41001,2
45113,8
41038,4
45101,7
41007,4
41010,2
45211,7
41042,2
53101,7
333552,1
41019,2
45305,7
41015,4
41028,2
41300,6
332812,1
45112,8
45103,8
45127,7
45128,3
71017,6
45108,7
45132,7
333603,6
45111,7
45307,7
45126,7
45116,8
45130,7
45213,7
45216,7
45123,7
45107,3
45121,7
45119,3
53630,5
45120,7
45110,7
53005,5
25050,0
71026,6
25046,6
53502,7
25018,0
332466,5
25059,6
71031,6
71018,6
71050,6
71067,6
71037,6
71005,6
71059,6
71046,6
71061,6
71013,6
71057,6
53617,7
71056,6
71035,6
53668,5
71041,6
25013,0
71040,6
332711,5
332709,5
71002,6
53335,7
333447,5
71034,6
71039,0
333324,6
71063,6
53181,7
71021,6
71044,6
333300,5
71052,6
25044,6
71058,6
53172,7
71062,6
25047,6
71048,0
25063,0
71022,6
330912,1
71042,0
331198,5
71053,6
71001,6
71049,0
25026,0
71025,6
53151,4
25049,0
25004,6
25045,0
53339,5
25030,0
53109,5
25033,0
25035,6
53337,5
25007,0
332486,1
25029,0
25060,6
25022,6
53118,5
71024,6
25057,6
25053,6
25003,6
25036,0
25015,0
25006,0
25056,6
25052,6
25031,0
25039,0
53439,7
25005,0
23110,0
23104,0
333260,6
23102,0
53103,5
23105,0
23109,6
53622,7
53416,7
53225,8
53211,8
53132,5
53221,8
53046,4
333481,6
53052,4
53061,7
333534,5
53443,5
53604,7
53222,8
53219,8
331208,6
53624,7
53618,7
53223,8
331179,9
53655,7
53654,7
332401,6
53105,7
53324,7
53602,7
53356,5
53672,6
53043,2
53642,7
53641,7
53122,5
53467,7
53138,5
53538,5
53333,5
333533,6
53202,8
53121,7
53201,8
53006,2
53614,7
53062,4
53653,7
43012,0
53673,6
53334,7
53039,2
53002,4
53534,7
53137,5
53554,5
330003,1
53640,7
53226,8
53059,7
53231,8
39102,4
39008,4
53329,7
39011,4
53536,5
39009,4
53040,2
333576,5
39101,4
53422,7
39028,4
53213,8
53214,8
53047,4
53321,7
53048,4
53666,5
53204,8
53646,7
53001,7
53658,4
53150,4
330109,1
53038,2
53645,7
53037,2
53434,7
39007,4
53533,5
39027,4
53532,7
39023,4
333501,5
330106,1
53049,4
330010,6
53352,7
53174,7
53357,7
39103,4
53656,7
332426,5
39014,4
53230,8
39109,4
39005,4
53444,7
53667,5
53305,7
53116,7
53025,4
49034,3
53064,5
53464,7
39022,4
53433,7
39016,4
53011,7
53649,7
53664,7
53651,7
333025,5
53469,7
333306,6
39110,4
53423,7
53036,2
53027,2
53659,4
53616,7
53155,7
53465,7
330857,5
53621,7
53623,7
53332,7
53139,7
330856,5
53421,7
53470,7
53023,4
53432,7
53420,7
53168,4
53615,7
53218,8
53327,7
53638,7
43041,6
43017,0
43039,0
43011,0
43013,0
43007,0
43045,0
43021,0
43030,0
43014,0
49110,3
43020,0
1534,2
43038,0
1530,2
43022,0
332565,5
43023,0
31303,3
43008,6
49018,3
43002,6
49016,7
43035,0
43003,6
67115,4
49030,3
49108,3
49101,7
49027,7
49013,7
49028,7
49025,7
49011,7
49001,3
49020,7
49022,7
330364,5
49008,7
332705,1
49006,7
333085,5
49026,7
49007,7
1519,2
1536,2
1520,2
1589,2
31108,3
1559,2
1509,2
330690,6
31105,3
1560,2
1529,2
330219,5
31104,3
31304,3
330169,5
1572,2
31203,3
1501,2
31101,3
1582,2
1541,2
1549,2
1588,2
67406,8
31503,3
1558,2
67096,8
1537,2
31501,3
1517,2
67129,8
1547,2
1562,2
330887,5
1533,2
1503,2
1518,2
1510,2
1506,2
1515,2
67154,2
1522,2
67036,4
1544,2
1507,2
1513,2
1514,2
1591,2
1511,2
1516,2
67248,8
1573,2
1554,2
1512,2
1579,2
1590,2
1508,2
1505,4
1557,2
1525,2
1555,2
31401,3
67097,4
330885,5
31502,3
67132,8
67191,8
67136,8
67184,2
67199,2
332704,5
67171,2
67410,8
67111,4
67214,8
67169,4
67034,4
67143,4
67102,8
67094,8
67401,8
67080,7
67147,2
330662,5
67065,7
67407,7
67106,7
67402,8
67703,2
67157,2
67160,7
67347,7
67501,2
67195,8
67146,2
67192,4
67135,8
67099,7
67116,4
67148,2
67120,7
67193,4
67032,2
67502,2
67198,2
67049,2
67151,2
333302,6
67048,2
67095,8
67412,8
67055,2
67039,7
67088,7
67153,2
67138,2
67197,4
67063,8
67059,4
67411,4
67052,2
67701,2
67175,8
67051,8
67152,2
67045,2
67113,7
67128,4
333339,5
67060,4
59206,4
67057,4
332020,8
67158,2
67173,7
67077,2
67405,4
333027,5
67086,7
67103,8
67164,7
59105,2
67403,8
67121,8
330257,1
67125,2
67127,2
59305,4
67054,2
67801,2
67428,7
67133,8
67328,4
59302,4
59303,4
59203,4
333553,5
59202,4
330703,1
59103,2
59301,4
59307,4
333597,5
59100,2
59300,4
59208,4
59207,4
69001,7
59204,4
69003,7
331072,6
59311,4
69005,7
69007,7
330585,5
69011,7
75135,0
69004,7
55001,3
69008,7
330256,9
75111,0
75115,0
75112,0
75101,0
75107,0
75144,0
75104,0
330654,1
75102,0
75151,0
75142,0
332789,1
75152,0
75148,0
75121,0
75140,0
331413,1
75113,0
75139,0
330340,1
75116,0
75218,0
75118,0
75119,0
330323,1
75235,0
75128,0
75234,0
55003,3
55005,3
330717,1
55006,3
332949,6
55010,3
333100,6
55011,3
333204,1
330325,1
55014,3
55102,3
333039,5
332701,6
330041,5
330614,9
332840,6
333478,5
333247,5
333455,6
330708,1
333389,1
332383,6
332029,8
331166,6
331096,4
332846,1
332905,7
330237,5
330684,5
332589,4
331216,5
331165,6
332453,6
331230,6
333220,9
332785,9
332450,1
330615,1
330597,5
333282,1
333289,5
330080,7
330647,5
332601,9
331114,5
332526,9
330201,1
333132,5
332837,5
330949,5
331188,5
332861,8
330495,1
331088,4
330930,4
333334,6
333083,6
333112,5
331117,5
330934,6
333003,7
333237,5
332651,1
333299,5
333244,1
333326,1
331141,1
332606,1
333340,5
332832,5
331070,1
330839,5
333080,7
333509,5
332974,5
332511,9
331167,6
333060,5
331031,5
331068,6
332859,6
333508,1
333437,1
333525,1
332456,1
332381,1
332505,9
330854,5
333410,5
330048,5
333369,5
330300,1
332671,5
333294,5
332907,6
332972,6
331172,1
333146,7
333482,5
333245,5
332672,5
332810,6
330292,5
330370,5
332459,1
332783,1
330927,1
330659,5
330561,5
332404,1
331218,5
333465,1
332474,5
330809,6
332654,9
333198,1
332487,1
332973,1
330822,1
333511,4
330562,6
330472,5
331024,6
332209,8
332937,6
330909,6
333512,4
332619,9
332323,9
333513,4
331944,1
331530,5
330094,5
332309,1
332719,5
330102,5
333089,6
330045,6
333467,5
330101,1
330239,5
332460,6
332413,5
330858,4
332407,5
332378,8
331328,8
332655,9
330816,1
330644,1
333151,4
331097,4
330954,5
333051,5
333017,5
332557,5
332573,6
333275,6
333269,6
330534,6
331251,1
330227,5
330522,6
333210,6
333407,4
331280,1
331494,1
331192,5
330779,5
332809,5
330582,5
330358,6
330556,5
333518,6
333445,6
330835,6
330481,6
333040,7
330825,1
330823,6
331139,5
332926,9
333024,5
333211,9
332653,9
332600,6
331712,1
331493,1
331946,8
331219,5
330781,5
332384,5
330591,5
330581,5
332991,6
333010,5
333303,6
332741,6
332405,5
330091,6
333293,6
333221,6
331702,1
331613,1
330964,1
330849,5
331676,8
332443,5
332864,5
330592,6
333018,6
331006,5
330932,6
333310,5
330243,7
331679,8
332615,6
331631,1
330487,5
330098,1
332690,1
331641,1
333213,1
332652,6
332057,8
331682,1
330471,1
331664,1
332569,5
330595,5
330535,9
330059,6
330498,6
332726,1
333187,5
330413,5
330416,5
330240,5
331980,8
333480,6
333280,6
332964,6
333201,6
331928,1
333499,5
332946,5
331903,8
332734,6
330577,6
331207,9
331091,6
333038,5
330067,5
333335,7
330493,1
333582,7
330280,6
332389,5
333246,5
332575,1
330536,1
333290,6
333333,6
333565,6
333599,7
332982,1
332680,6
332924,9
332934,9
332449,5
330116,5
330123,1
330124,1
332714,5
333578,1
333551,6
333596,5
333380,1
330653,1
333208,5
330676,1
331205,6
330630,1
330111,1
333438,5
330327,1
330973,5
333545,9
330648,8
330734,8
330652,8
330997,5
332730,1
333415,1
332968,1
332429,5
333278,5
330128,1
332444,8
330403,9
332917,1
332914,6
332790,5
330175,1
332621,1
333291,1
333144,1
332936,1
332536,8
333222,5
330502,5
330354,5
331095,1
331147,1
330421,1
332767,1
333196,9
331234,1
330750,1
330036,1
332488,9
330511,9
332925,1
332863,5
330235,5
332364,9
332355,9
332361,8
332142,8
333557,5
333575,1
330501,9
332768,9
333600,6
333602,5
332857,5
330401,8
330254,9
330868,6
330260,1
332677,1
332583,5
332935,1
333366,5
330640,1
330467,6
330357,9
333321,6
332471,1
330631,1
330192,5
333225,1
333226,1
332970,5
330531,1
331026,1
330073,6
332447,5
330558,9
332676,1
330259,1
332760,1
330629,1
330953,1
330189,1
330761,1
332808,1
330778,1
332733,6
333503,6
330543,6
332602,6
330224,5
330225,5
332409,1
333370,1
333504,6
330546,6
333084,1
333145,1
332929,1
330550,1
330544,1
333270,6
330442,1
333134,1
332774,1
330125,5
333527,6
333227,1
333241,1
333528,1
330840,1
330878,5
331115,5
332969,5
333147,1
332811,5
330995,5
330339,1
330455,5
330439,5
331170,5
330026,5
332659,6
330170,5
330147,5
332582,6
330293,5
330028,5
333181,1
333550,6
333571,1
331011,5
333572,6
330149,1
330983,5
332607,5
330998,5
332804,1
330991,5
330999,6
333548,1
333559,1
333561,9
333560,4
333562,9
333574,5
333583,1
35221,8
35255,8
35101,8
35345,8
35292,8
35212,8
35455,8
35442,8
35335,8
35317,3
35111,8
35085,8
35267,8
35418,8
35293,3
35420,8
35037,8
35421,8
35095,8
35463,8
35113,8
35279,3
35435,8
35406,8
35031,3
35157,8
35155,8
35147,3
35015,3
35401,8
35152,8
35013,3
35218,8
35163,8
35083,3
35263,8
35052,3
35149,8
35160,8
35162,8
35282,8
35219,8
35054,8
35205,8
35144,3
35232,8
35314,8
35202,3
35230,3
35246,8
35204,3
35170,8
35281,3
35065,3
35318,8
35275,3
35110,8
35103,8
35102,8
35315,8
35321,8
57127,3
57307,9
57108,9
57174,3
57205,3
57206,3
57222,3
57316,9
57134,3
57308,9
57144,9
57311,9
57151,9
57221,3
57115,9
57306,9
57150,9
57153,9
57402,9
57401,9
57149,3
57157,9
57129,9
57403,9
57406,9
57405,9
57159,9
57166,9
57109,9
57137,3
57105,3
57172,9
57506,3
57130,9
57303,9
57160,9
57319,9
57126,3
57322,9
57504,9
57505,3
57304,9
57173,3
57305,3
57302,9
